receipt_id,shipment_id,receipt_date,received_kg
R0001,S0001,2026-08-23,214
R0002,S0002,2026-07-08,350
R0003,S0003,2026-06-20,854
R0004,S0004,2026-08-28,858
R0005,S0005,2026-06-14,704
R0006,S0006,2026-06-07,130
R0007,S0007,2026-06-30,338
R0008,S0008,2026-08-19,127
R0009,S0009,2026-06-28,833
R0010,S0010,2026-07-26,325
R0011,S0011,2026-08-17,384
R0012,S0012,2026-06-23,814
R0013,S0013,2026-07-16,384
R0014,S0014,2026-06-30,881
R0015,S0015,2026-06-16,194
R0016,S0016,2026-06-15,467
R0017,S0017,2026-08-19,370
R0018,S0018,2026-07-31,649
R0019,S0019,2026-07-21,180
R0020,S0020,2026-07-10,949
R0021,S0021,2026-07-19,691
R0022,S0022,2026-06-11,146
R0023,S0023,2026-07-10,181
R0024,S0024,2026-06-15,489
R0025,S0025,2026-07-31,740
R0026,S0026,2026-06-23,479
R0027,S0027,2026-06-29,786
R0028,S0028,2026-08-31,799
R0029,S0029,2026-08-19,750
R0030,S0030,2026-08-10,846
R0031,S0031,2026-06-23,573
R0032,S0032,2026-07-07,755
R0033,S0033,2026-07-01,801
R0034,S0034,2026-06-10,334
R0035,S0035,2026-07-13,510
R0036,S0036,2026-06-11,316
R0037,S0037,2026-07-13,317
R0038,S0038,2026-07-23,758
R0039,S0039,2026-06-21,371
R0040,S0040,2026-07-04,862
R0041,S0041,2026-08-10,369
R0042,S0042,2026-07-27,697
R0043,S0043,2026-07-19,324
R0044,S0044,2026-08-07,605
R0045,S0045,2026-06-09,981
R0046,S0046,2026-06-22,742
R0047,S0047,2026-08-29,532
R0048,S0048,2026-06-11,494
R0049,S0049,2026-08-18,579
R0050,S0050,2026-07-05,656
R0051,S0051,2026-08-29,838
R0052,S0052,2026-08-29,649
R0053,S0053,2026-08-24,448
R0054,S0054,2026-07-10,545
R0055,S0055,2026-07-31,103
R0056,S0056,2026-08-06,880
R0057,S0057,2026-08-06,208
R0058,S0058,2026-08-23,619
R0059,S0059,2026-06-28,256
R0060,S9999,2026-06-23,652
R0061,S0061,2026-06-03,713
R0062,S0062,2026-08-04,119
R0063,S0063,2026-07-19,999
R0064,S0064,2026-07-03,159
R0065,S0065,2026-08-14,180
R0066,S0066,2026-08-04,935
R0067,S0067,2026-08-10,884
R0068,S0068,2026-06-19,775
R0069,S0069,2026-08-12,269
R0070,S0070,2026-08-09,-10
R0071,S0071,2026-07-27,316
R0072,S0072,2026-08-30,305
R0073,S0073,2026-07-24,787
R0074,S0074,2026-07-29,629
R0075,S0075,2026-06-18,343
R0076,S0076,2026-06-11,446
R0077,S0077,2026-08-17,667
R0078,S0078,2026-08-17,325
R0079,S0079,2026-06-12,824
R0080,S0080,2026-01-01,169
R0081,S0081,2026-07-15,172
R0082,S0082,2026-07-03,385
R0083,S0083,2026-06-30,652
R0084,S0084,2026-08-15,690
R0085,S0085,2026-07-04,903
R0086,S0086,2026-07-25,294
R0087,S0087,2026-06-15,774
R0088,S0088,2026-07-18,533
R0089,S0089,2026-08-01,984
,S0090,2026-08-28,769
R0091,S0091,2026-06-10,512
R0092,S0092,2026-06-16,354
R0093,S0093,2026-06-27,649
R0094,S0094,2026-06-20,532
R0095,S0095,2026-07-08,573
R0096,S0096,2026-06-12,553
R0097,S0097,2026-06-15,151
R0098,S0098,2026-06-04,195
R0099,S0099,2026-06-24,516
R0100,S0100,2026-08-03,308
R0101,S0101,2026-06-10,268
R0102,S0102,2026-06-03,499
R0103,S0103,2026-07-31,392
R0104,S0104,2026-08-31,848
R0105,S0105,2026-08-26,835
R0106,S0106,2026-06-22,294
R0107,S0107,2026-06-30,159
R0108,S0108,2026-08-11,162
R0109,S0109,2026-06-10,151
R0110,S0110,2026-08-03,614
R0111,S0111,2026-06-23,158
R0112,S0112,2026-06-13,971
R0113,S0113,2026-06-11,709
R0114,S0114,2026-08-28,982
R0115,S0115,2026-07-24,222
R0116,S0116,2026-07-04,692
R0117,S0117,2026-06-08,734
R0118,S0118,2026-07-26,773
R0119,S0119,2026-08-14,635
R0120,S0120,2026-07-06,309
R0121,S0121,2026-07-03,371
R0122,S0122,2026-06-19,787
R0123,S0123,2026-07-31,423
R0124,S0124,2026-06-04,569
R0125,S0125,2026-08-14,192
R0126,S0126,2026-08-10,318
R0127,S0127,2026-07-06,235
R0128,S0128,2026-06-11,1000
R0129,S0129,2026-07-20,391
R0130,S0130,2026-07-29,953
R0131,S0131,2026-07-11,726
R0132,S0132,2026-06-04,783
R0133,S0133,2026-07-11,779
R0134,S0134,2026-06-20,370
R0135,S0135,2026-06-16,860
R0136,S0136,2026-06-22,378
R0137,S0137,2026-08-19,315
R0138,S0138,2026-06-29,803
R0139,S0139,2026-08-06,600
R0140,S0140,2026-06-09,194
R0141,S0141,2026-07-08,145
R0142,S0142,2026-07-15,889
R0143,S0143,2026-08-23,368
R0144,S0144,2026-07-29,664
R0145,S0145,2026-08-13,109
R0146,S0146,2026-06-12,807
R0147,S0147,2026-08-11,136
R0148,S0148,2026-08-16,665
R0149,S0149,2026-07-28,230
R0150,S0150,2026-07-12,463
R0151,S0151,2026-07-18,315
R0152,S0152,2026-08-27,205
R0153,S0153,2026-08-13,995
R0154,S0154,2026-08-21,867
R0155,S0155,2026-07-03,985
R0156,S0156,2026-06-25,522
R0157,S0157,2026-06-25,854
R0158,S0158,2026-07-25,921
R0159,S0159,2026-07-07,263
R0160,S0160,2026-07-21,993
R0161,S0161,2026-08-02,327
R0162,S0162,2026-07-31,458
R0163,S0163,2026-07-02,328
R0164,S0164,2026-08-26,297
R0165,S0165,2026-07-15,385
R0166,S0166,2026-07-08,459
R0167,S0167,2026-07-24,795
R0168,S0168,2026-07-15,128
R0169,S0169,2026-07-06,282
R0170,S0170,2026-07-06,139
R0171,S0171,2026-08-18,544
R0172,S0172,2026-07-13,546
R0173,S0173,2026-08-07,218
R0174,S0174,2026-08-15,294
R0175,S0175,2026-06-08,815
R0176,S0176,2026-06-03,632
R0177,S0177,2026-08-29,836
R0178,S0178,2026-07-19,541
R0179,S0179,2026-08-27,438
R0180,S0180,2026-07-13,779
R0181,S0181,2026-07-11,619
R0182,S0182,2026-08-27,518
R0183,S0183,2026-07-24,813
R0184,S0184,2026-08-12,230
R0185,S0185,2026-07-26,780
R0186,S0186,2026-08-28,866
R0187,S0187,2026-08-20,682
R0188,S0188,2026-07-24,661
R0189,S0189,2026-07-11,393
R0190,S0190,2026-07-28,904
R0191,S0191,2026-08-19,770
R0192,S0192,2026-08-01,552
R0193,S0193,2026-08-28,318
R0194,S0194,2026-08-02,912
R0195,S0195,2026-08-26,186
R0196,S0196,2026-08-07,779
R0197,S0197,2026-07-15,195
R0198,S0198,2026-08-28,417
R0199,S0199,2026-06-28,250
R0200,S0200,2026-06-08,340
R0201,S0201,2026-08-20,970
R0202,S0202,2026-07-31,524
R0203,S0203,2026-06-27,835
R0204,S0204,2026-08-05,509
R0205,S0205,2026-06-21,771
R0206,S0206,2026-06-16,897
R0207,S0207,2026-07-01,280
R0208,S0208,2026-08-01,151
R0209,S0209,2026-07-04,968
R0210,S0210,2026-07-31,236
R0211,S0211,2026-08-27,643
R0212,S0212,2026-08-18,424
R0213,S0213,2026-08-20,934
R0214,S0214,2026-07-27,950
R0215,S0215,2026-07-30,262
R0216,S0216,2026-07-30,365
R0217,S0217,2026-08-23,383
R0218,S0218,2026-08-04,741
R0219,S0219,2026-07-08,550
R0220,S0220,2026-07-09,340
R0221,S0221,2026-07-15,427
R0222,S0222,2026-06-13,241
R0223,S0223,2026-07-02,492
R0224,S0224,2026-06-30,165
R0225,S0225,2026-07-25,428
R0226,S0226,2026-08-01,525
R0227,S0227,2026-06-29,952
R0228,S0228,2026-07-22,888
R0229,S0229,2026-08-31,120
R0230,S0230,2026-07-21,588
R0231,S0231,2026-07-18,405
R0232,S0232,2026-07-26,651
R0233,S0233,2026-08-19,325
R0234,S0234,2026-07-01,379
R0235,S0235,2026-08-04,129
R0236,S0236,2026-07-16,784
R0237,S0237,2026-06-24,960
R0238,S0238,2026-06-19,737
R0239,S0239,2026-06-06,503
R0240,S0240,2026-08-14,778
R0241,S0241,2026-06-13,758
R0242,S0242,2026-06-20,987
R0243,S0243,2026-06-26,151
R0244,S0244,2026-07-21,435
R0245,S0245,2026-07-31,434
R0246,S0246,2026-07-21,384
R0247,S0247,2026-07-05,954
R0248,S0248,2026-08-02,119
R0249,S0249,2026-06-09,458
R0250,S0250,2026-08-25,160
R0251,S0251,2026-06-06,353
R0252,S0252,2026-06-05,736
R0253,S0253,2026-07-03,229
R0254,S0254,2026-08-27,217
R0255,S0255,2026-06-30,576
R0256,S0256,2026-07-20,271
R0257,S0257,2026-08-19,865
R0258,S0258,2026-06-23,418
R0259,S0259,2026-08-16,126
R0260,S0260,2026-08-15,793
R0261,S0261,2026-07-23,832
R0262,S0262,2026-06-12,706
R0263,S0263,2026-06-16,813
R0264,S0264,2026-08-29,714
R0265,S0265,2026-08-14,901
R0266,S0266,2026-07-17,645
R0267,S0267,2026-08-26,479
R0268,S0268,2026-08-06,763
R0269,S0269,2026-06-04,969
R0270,S0270,2026-08-04,208
R0271,S0271,2026-07-19,750
R0272,S0272,2026-06-22,545
R0273,S0273,2026-08-08,766
R0274,S0274,2026-08-20,927
R0275,S0275,2026-08-03,566
R0276,S0276,2026-08-17,374
R0277,S0277,2026-07-04,950
R0278,S0278,2026-07-08,561
R0279,S0279,2026-08-01,683
R0280,S0280,2026-08-27,488
R0281,S0281,2026-06-06,606
R0282,S0282,2026-06-26,599
R0283,S0283,2026-07-18,916
R0284,S0284,2026-07-16,386
R0285,S0285,2026-08-31,382
R0286,S0286,2026-06-04,629
R0287,S0287,2026-06-13,347
R0288,S0288,2026-08-04,668
R0289,S0289,2026-08-30,587
R0290,S0290,2026-07-30,911
R0291,S0291,2026-06-14,401
R0292,S0292,2026-07-24,808
R0293,S0293,2026-07-12,779
R0294,S0294,2026-07-20,584
R0295,S0295,2026-08-09,452
R0296,S0296,2026-08-12,438
R0297,S0297,2026-08-31,564
R0298,S0298,2026-07-12,357
R0299,S0299,2026-06-18,838
R0300,S0300,2026-07-13,212
R0301,S0301,2026-08-30,289
R0302,S0302,2026-06-30,856
R0303,S0303,2026-07-08,841
R0304,S0304,2026-08-09,711
R0305,S0305,2026-06-15,952
R0306,S0306,2026-07-10,332
R0307,S0307,2026-06-25,409
R0308,S0308,2026-08-10,229
R0309,S0309,2026-06-08,155
R0310,S0310,2026-07-10,814
R0311,S0311,2026-08-23,989
R0312,S0312,2026-06-16,993
R0313,S0313,2026-08-15,391
R0314,S0314,2026-08-03,551
R0315,S0315,2026-06-26,152
R0316,S0316,2026-08-03,216
R0317,S0317,2026-07-24,603
R0318,S0318,2026-08-15,744
R0319,S0319,2026-06-22,252
R0320,S0320,2026-07-11,187
R0321,S0321,2026-06-18,671
R0322,S0322,2026-08-19,710
R0323,S0323,2026-07-01,894
R0324,S0324,2026-07-21,561
R0325,S0325,2026-07-11,970
R0326,S0326,2026-07-27,412
R0327,S0327,2026-08-21,161
R0328,S0328,2026-06-15,881
R0329,S0329,2026-08-22,316
R0330,S0330,2026-08-26,183
R0331,S0331,2026-07-03,277
R0332,S0332,2026-06-12,260
R0333,S0333,2026-07-25,561
R0334,S0334,2026-08-02,398
R0335,S0335,2026-07-02,395
R0336,S0336,2026-08-31,980
R0337,S0337,2026-06-12,803
R0338,S0338,2026-07-06,906
R0339,S0339,2026-08-26,923
R0340,S0340,2026-07-27,217
R0341,S0341,2026-07-01,763
R0342,S0342,2026-07-07,946
R0343,S0343,2026-06-12,161
R0344,S0344,2026-07-12,709
R0345,S0345,2026-07-09,549
R0346,S0346,2026-08-01,805
R0347,S0347,2026-08-31,512
R0348,S0348,2026-08-06,652
R0349,S0349,2026-07-29,182
R0350,S0350,2026-06-08,532
R0351,S0351,2026-08-19,356
R0352,S0352,2026-06-14,334
R0353,S0353,2026-08-17,121
R0354,S0354,2026-08-15,141
R0355,S0355,2026-08-02,631
R0356,S0356,2026-07-08,285
R0357,S0357,2026-07-28,750
R0358,S0358,2026-06-14,581
R0359,S0359,2026-07-25,441
R0360,S0360,2026-08-27,207
R0361,S0361,2026-07-15,521
R0362,S0362,2026-07-09,778
R0363,S0363,2026-08-12,137
R0364,S0364,2026-06-14,422
R0365,S0365,2026-07-14,218
R0366,S0366,2026-08-07,944
R0367,S0367,2026-08-26,990
R0368,S0368,2026-08-01,523
R0369,S0369,2026-06-27,630
R0370,S0370,2026-08-21,874
R0371,S0371,2026-08-22,552
R0372,S0372,2026-06-29,373
R0373,S0373,2026-06-19,394
R0374,S0374,2026-08-31,596
R0375,S0375,2026-06-06,735
R0376,S0376,2026-07-03,826
R0377,S0377,2026-07-12,664
R0378,S0378,2026-08-12,517
R0379,S0379,2026-07-01,961
R0380,S0380,2026-08-01,220
R0381,S0381,2026-08-05,833
R0382,S0382,2026-08-07,822
R0383,S0383,2026-07-26,954
R0384,S0384,2026-08-02,349
R0385,S0385,2026-08-12,248
R0386,S0386,2026-06-27,713
R0387,S0387,2026-06-20,984
R0388,S0388,2026-07-08,891
R0389,S0389,2026-07-16,906
R0390,S0390,2026-07-07,940
R0391,S0391,2026-07-09,843
R0392,S0392,2026-08-17,693
R0393,S0393,2026-06-22,557
R0394,S0394,2026-08-03,453
R0395,S0395,2026-08-12,881
R0396,S0396,2026-07-21,566
R0397,S0397,2026-06-27,814
R0398,S0398,2026-08-15,492
R0399,S0399,2026-07-25,144
R0400,S0400,2026-08-02,812
R0401,S0401,2026-07-22,779
R0402,S0402,2026-08-05,137
R0403,S0403,2026-08-06,704
R0404,S0404,2026-06-15,995
R0405,S0405,2026-06-15,638
R0406,S0406,2026-06-04,839
R0407,S0407,2026-07-25,991
R0408,S0408,2026-06-12,580
R0409,S0409,2026-07-16,738
R0410,S0410,2026-08-25,182
R0411,S0411,2026-08-28,979
R0412,S0412,2026-07-21,424
R0413,S0413,2026-08-11,136
R0414,S0414,2026-06-11,340
R0415,S0415,2026-07-02,864
R0416,S0416,2026-07-28,200
R0417,S0417,2026-07-29,270
R0418,S0418,2026-06-06,147
R0419,S0419,2026-06-10,400
R0420,S0420,2026-07-20,541
R0421,S0421,2026-07-04,643
R0422,S0422,2026-08-14,798
R0423,S0423,2026-06-24,279
R0424,S0424,2026-08-20,991
R0425,S0425,2026-08-21,789
R0426,S0426,2026-08-05,697
R0427,S0427,2026-07-02,572
R0428,S0428,2026-07-31,361
R0429,S0429,2026-08-01,394
R0430,S0430,2026-06-23,175
R0431,S0431,2026-07-17,701
R0432,S0432,2026-08-23,534
R0433,S0433,2026-07-31,965
R0434,S0434,2026-06-28,493
R0435,S0435,2026-06-16,342
R0436,S0436,2026-08-15,467
R0437,S0437,2026-07-10,816
R0438,S0438,2026-06-05,949
R0439,S0439,2026-07-08,108
R0440,S0440,2026-08-29,896
R0441,S0441,2026-08-19,863
R0442,S0442,2026-07-09,894
R0443,S0443,2026-08-19,921
R0444,S0444,2026-07-01,751
R0445,S0445,2026-08-21,356
R0446,S0446,2026-08-22,199
R0447,S0447,2026-07-12,907
R0448,S0448,2026-06-07,693
R0449,S0449,2026-06-19,192
R0450,S0450,2026-07-14,855
R0451,S0451,2026-06-25,305
R0452,S0452,2026-08-11,997
R0453,S0453,2026-08-09,613
R0454,S0454,2026-06-24,363
R0455,S0455,2026-07-10,864
R0456,S0456,2026-06-17,579
R0457,S0457,2026-06-21,872
R0458,S0458,2026-08-28,841
R0459,S0459,2026-08-13,474
R0460,S0460,2026-07-23,114
R0461,S0461,2026-08-10,226
R0462,S0462,2026-07-20,788
R0463,S0463,2026-08-16,490
R0464,S0464,2026-06-16,791
R0465,S0465,2026-08-02,125
R0466,S0466,2026-08-13,435
R0467,S0467,2026-07-01,763
R0468,S0468,2026-08-23,943
R0469,S0469,2026-08-31,409
R0470,S0470,2026-06-17,243
R0471,S0471,2026-06-07,411
R0472,S0472,2026-06-17,199
R0473,S0473,2026-08-10,238
R0474,S0474,2026-07-31,479
R0475,S0475,2026-07-26,691
R0476,S0476,2026-07-26,770
R0477,S0477,2026-08-04,730
R0478,S0478,2026-07-08,133
R0479,S0479,2026-06-30,554
R0480,S0480,2026-07-03,975
R0100,S0100,2026-08-03,308
